ISIN,US105756CA66,,
Coupon,4.5,,
Maturity,10 years,,
Start,2019,End,2029
,,,
time,date,close,
1553760000,28/03/2019,98.385002,
1553846400,29/03/2019,98.202003,
1554102000,01/04/2019,98.325996,
1554188400,02/04/2019,97.980003,
1554274800,03/04/2019,97.742996,
1554361200,04/04/2019,97.717003,
1554447600,05/04/2019,97.524002,
1554706800,08/04/2019,97.665001,
1554793200,09/04/2019,97.516998,
1554879600,10/04/2019,97.599998,
1554966000,11/04/2019,97.623001,
1555052400,12/04/2019,97.248001,
1555311600,15/04/2019,96.748001,
1555398000,16/04/2019,96.777,
1555484400,17/04/2019,96.857002,
1555570800,18/04/2019,96.998001,
1556002800,23/04/2019,96.918999,
1556089200,24/04/2019,97.373001,
1556175600,25/04/2019,97.042999,
1556262000,26/04/2019,97.300003,
1556521200,29/04/2019,97.517998,
1556607600,30/04/2019,97.428001,
1556780400,02/05/2019,97.445,
1556866800,03/05/2019,97.115997,
1557126000,06/05/2019,97.489998,
1557212400,07/05/2019,97.654999,
1557298800,08/05/2019,97.566002,
1557385200,09/05/2019,97.834,
1557471600,10/05/2019,97.876999,
1557730800,13/05/2019,97.891998,
1557817200,14/05/2019,97.734001,
1557903600,15/05/2019,97.832001,
1557990000,16/05/2019,97.863998,
1558076400,17/05/2019,97.501999,
1558335600,20/05/2019,97.336998,
1558422000,21/05/2019,97.434998,
1558508400,22/05/2019,97.739998,
1558594800,23/05/2019,98.025002,
1558681200,24/05/2019,98.195999,
1558940400,27/05/2019,98.166,
1559026800,28/05/2019,98.170998,
1559113200,29/05/2019,98.361,
1559199600,30/05/2019,98.432999,
1559286000,31/05/2019,98.598,
1559545200,03/06/2019,98.996002,
1559631600,04/06/2019,99.726997,
1559718000,05/06/2019,100.437,
1559804400,06/06/2019,100.605,
1559890800,07/06/2019,100.729,
1560150000,10/06/2019,101.244,
1560236400,11/06/2019,101.194,
1560322800,12/06/2019,101.462,
1560409200,13/06/2019,101.526,
1560495600,14/06/2019,101.648,
1560754800,17/06/2019,101.448,
1560841200,18/06/2019,101.822,
1560927600,19/06/2019,101.967,
1561014000,20/06/2019,102.681,
1561100400,21/06/2019,103.505,
1561359600,24/06/2019,103.122,
1561446000,25/06/2019,103.044,
1561532400,26/06/2019,102.762,
1561618800,27/06/2019,102.319,
1561705200,28/06/2019,102.679,
1561964400,01/07/2019,102.838,
1562050800,02/07/2019,103.112,
1562137200,03/07/2019,103.141,
1562223600,04/07/2019,103.246,
1562310000,05/07/2019,103.301,
1562569200,08/07/2019,102.993,
1562655600,09/07/2019,103.095,
1562742000,10/07/2019,103.435,
1562828400,11/07/2019,104.29,
1562914800,12/07/2019,103.959,
1563174000,15/07/2019,104.136,
1563346800,17/07/2019,103.749,
1563433200,18/07/2019,103.869,
1563519600,19/07/2019,104.05,
1563778800,22/07/2019,103.976,
1563865200,23/07/2019,104.093,
1563951600,24/07/2019,104.403,
1564038000,25/07/2019,104.719,
1564124400,26/07/2019,104.548,
1564383600,29/07/2019,104.559,
1564470000,30/07/2019,104.53,
1564556400,31/07/2019,104.273,
1564642800,01/08/2019,104.248,
1564729200,02/08/2019,105.043,
1564988400,05/08/2019,105.015,
1565074800,06/08/2019,105.227,
1565161200,07/08/2019,105.685,
1565247600,08/08/2019,105.818,
1565334000,09/08/2019,105.992,
1565593200,12/08/2019,105.907,
1565679600,13/08/2019,105.919,
1565766000,14/08/2019,105.955,
1565852400,15/08/2019,105.736,
1565938800,16/08/2019,105.555,
1566198000,19/08/2019,105.548,
1566284400,20/08/2019,105.538,
1566370800,21/08/2019,105.475,
1566457200,22/08/2019,105.578,
1566543600,23/08/2019,105.655,
1566802800,26/08/2019,105.737,
1566889200,27/08/2019,105.706,
1566975600,28/08/2019,105.765,
1567062000,29/08/2019,105.796,
1567148400,30/08/2019,105.93,
1567407600,02/09/2019,106.018,
1567494000,03/09/2019,106.024,
1567580400,04/09/2019,106.003,
1567666800,05/09/2019,106.371,
1567753200,06/09/2019,106.027,
1568012400,09/09/2019,105.971,
1568098800,10/09/2019,105.83,
1568185200,11/09/2019,105.545,
1568271600,12/09/2019,106.001,
1568358000,13/09/2019,105.509,
1568617200,16/09/2019,105.025,
1568703600,17/09/2019,105.274,
1568790000,18/09/2019,105.334,
1568876400,19/09/2019,105.649,
1568962800,20/09/2019,105.535,
1569222000,23/09/2019,105.361,
1569308400,24/09/2019,105.394,
1569394800,25/09/2019,105.198,
1569481200,26/09/2019,104.782,
1569567600,27/09/2019,104.604,
1569826800,30/09/2019,104.54,
1569913200,01/10/2019,104.25,
1569999600,02/10/2019,104.323,
1570086000,03/10/2019,104.32,
1570172400,04/10/2019,104.869,
1570431600,07/10/2019,104.948,
1570518000,08/10/2019,104.845,
1570604400,09/10/2019,104.701,
1570690800,10/10/2019,105.032,
1570777200,11/10/2019,104.976,
1571036400,14/10/2019,104.89,
1571122800,15/10/2019,104.914,
1571209200,16/10/2019,104.963,
1571295600,17/10/2019,104.901,
1571382000,18/10/2019,105.009,
1571641200,21/10/2019,104.97,
1571727600,22/10/2019,104.844,
1571814000,23/10/2019,104.856,
1571900400,24/10/2019,104.866,
1571986800,25/10/2019,105.001,
1572249600,28/10/2019,105.008,
1572336000,29/10/2019,104.857,
1572422400,30/10/2019,104.847,
1572508800,31/10/2019,104.864,
1572595200,01/11/2019,105.426,
1572854400,04/11/2019,105.846,
1572940800,05/11/2019,105.598,
1573027200,06/11/2019,105.059,
1573113600,07/11/2019,105.19,
1573200000,08/11/2019,104.85,
1573459200,11/11/2019,104.847,
1573545600,12/11/2019,104.866,
1573632000,13/11/2019,104.799,
1573718400,14/11/2019,105.364,
1573804800,15/11/2019,105.062,
1574064000,18/11/2019,105.078,
1574150400,19/11/2019,104.819,
1574236800,20/11/2019,104.788,
1574323200,21/11/2019,105.032,
1574409600,22/11/2019,105.108,
1574668800,25/11/2019,105.582,
1574755200,26/11/2019,105.49,
1574841600,27/11/2019,105.326,
1574928000,28/11/2019,105.337,
1575014400,29/11/2019,105.318,
1575273600,02/12/2019,105.015,
1575360000,03/12/2019,104.802,
1575446400,04/12/2019,105.194,
1575532800,05/12/2019,105.038,
1575619200,06/12/2019,105.204,
1575878400,09/12/2019,105.444,
1575964800,10/12/2019,105.471,
1576051200,11/12/2019,105.522,
1576137600,12/12/2019,105.887,
1576224000,13/12/2019,106.198,
1576483200,16/12/2019,106.379,
1576569600,17/12/2019,106.462,
1576656000,18/12/2019,106.563,
1576742400,19/12/2019,106.423,
1576828800,20/12/2019,106.171,
1577088000,23/12/2019,106.08,
1577174400,24/12/2019,106.128,
1577433600,27/12/2019,106.163,
1577692800,30/12/2019,106.16,
1577779200,31/12/2019,106.195,
1577952000,02/01/2020,106.201,
1578038400,03/01/2020,106.296,
1578297600,06/01/2020,106.387,
1578384000,07/01/2020,106.616,
1578470400,08/01/2020,106.567,
1578556800,09/01/2020,106.479,
1578643200,10/01/2020,106.716,
1578902400,13/01/2020,107.11,
1578988800,14/01/2020,107.023,
1579075200,15/01/2020,106.936,
1579161600,16/01/2020,107.232,
1579248000,17/01/2020,107.23,
1579507200,20/01/2020,107.289,
1579593600,21/01/2020,107.315,
1579680000,22/01/2020,107.303,
1579766400,23/01/2020,107.172,
1579852800,24/01/2020,107.169,
1580112000,27/01/2020,106.959,
1580198400,28/01/2020,107.227,
1580284800,29/01/2020,107.562,
1580371200,30/01/2020,108.26,
1580457600,31/01/2020,108.444,
1580716800,03/02/2020,108.547,
1580803200,04/02/2020,108.505,
1580889600,05/02/2020,108.425,
1580976000,06/02/2020,108.58,
1581062400,07/02/2020,108.812,
1581321600,10/02/2020,108.918,
1581408000,11/02/2020,109.07,
1581494400,12/02/2020,109.382,
1581580800,13/02/2020,109.594,
1581667200,14/02/2020,109.663,
1581926400,17/02/2020,110.857,
1582012800,18/02/2020,110.898,
1582099200,19/02/2020,110.994,
1582185600,20/02/2020,111.449,
1582272000,21/02/2020,111.336,
1582531200,24/02/2020,110.979,
1582617600,25/02/2020,111.154,
1582704000,26/02/2020,110.963,
1582790400,27/02/2020,110.321,
1582876800,28/02/2020,109.102,
1583136000,02/03/2020,109.112,
1583222400,03/03/2020,109.992,
1583308800,04/03/2020,112.05,
1583395200,05/03/2020,112.792,
1583481600,06/03/2020,112.402,
1583740800,09/03/2020,110.029,
1583827200,10/03/2020,110.384,
1583913600,11/03/2020,109.026,
1584086400,13/03/2020,101.634,
1584345600,16/03/2020,101.473,
1584432000,17/03/2020,100.652,
1584518400,18/03/2020,96.629997,
1584604800,19/03/2020,92.834,
1584691200,20/03/2020,95.762001,
1585036800,24/03/2020,96.579002,
1585123200,25/03/2020,98.759003,
1585209600,26/03/2020,103.855,
1585296000,27/03/2020,105.043,
1585551600,30/03/2020,102.886,
1585638000,31/03/2020,102.895,
1585724400,01/04/2020,103.188,
1585810800,02/04/2020,101.139,
1585897200,03/04/2020,100.279,
1586156400,06/04/2020,99.445999,
1586242800,07/04/2020,100.177,
1586329200,08/04/2020,100.344,
1586415600,09/04/2020,100.718,
1586847600,14/04/2020,103.779,
1586934000,15/04/2020,103.971,
1587020400,16/04/2020,102.709,
1587106800,17/04/2020,102.533,
1587366000,20/04/2020,102.041,
1587452400,21/04/2020,101.571,
1587538800,22/04/2020,100.206,
1587625200,23/04/2020,99.175003,
1587711600,24/04/2020,98.252998,
1587970800,27/04/2020,95.455002,
1588057200,28/04/2020,95.176003,
1588143600,29/04/2020,97.069,
1588230000,30/04/2020,98.720001,
1588575600,04/05/2020,100.084,
1588662000,05/05/2020,99.455002,
1588748400,06/05/2020,99.311996,
1588834800,07/05/2020,98.749001,
1588921200,08/05/2020,99.391998,
1589180400,11/05/2020,100.206,
1589266800,12/05/2020,100.463,
1589353200,13/05/2020,100.114,
1589439600,14/05/2020,98.098999,
1589526000,15/05/2020,98.125,
1589785200,18/05/2020,98.439003,
1589871600,19/05/2020,98.856003,
1589958000,20/05/2020,98.831001,
1590044400,21/05/2020,100.432,
1590130800,22/05/2020,101.633,
1590390000,25/05/2020,101.309,
1590476400,26/05/2020,101.81,
1590562800,27/05/2020,103.012,
1590649200,28/05/2020,103.133,
1590735600,29/05/2020,103.055,
1590994800,01/06/2020,102.883,
1591081200,02/06/2020,103.185,
1591167600,03/06/2020,104.204,
1591254000,04/06/2020,105.057,
1591340400,05/06/2020,104.678,
1591599600,08/06/2020,105.082,
1591686000,09/06/2020,105.274,
1591772400,10/06/2020,104.794,
1591858800,11/06/2020,104.613,
1591945200,12/06/2020,102.167,
1592204400,15/06/2020,102.444,
1592290800,16/06/2020,102.353,
1592377200,17/06/2020,103.427,
1592463600,18/06/2020,103.089,
1592550000,19/06/2020,102.623,
1592809200,22/06/2020,102.937,
1592895600,23/06/2020,102.909,
1592982000,24/06/2020,103.245,
1593068400,25/06/2020,102.926,
1593154800,26/06/2020,102.979,
1593414000,29/06/2020,102.804,
1593500400,30/06/2020,102.784,
1593586800,01/07/2020,103.073,
1593673200,02/07/2020,104.125,
1593759600,03/07/2020,104.311,
1594018800,06/07/2020,104.446,
1594105200,07/07/2020,104.197,
1594191600,08/07/2020,103.949,
1594278000,09/07/2020,104.15,
1594364400,10/07/2020,103.973,
1594623600,13/07/2020,104.12,
1594710000,14/07/2020,104.196,
1594796400,15/07/2020,103.991,
1594882800,16/07/2020,104.461,
1594969200,17/07/2020,105.051,
1595228400,20/07/2020,105.444,
1595314800,21/07/2020,106.109,
1595401200,22/07/2020,106.562,
1595487600,23/07/2020,107.101,
1595574000,24/07/2020,106.398,
1595833200,27/07/2020,106.456,
1595919600,28/07/2020,106.655,
1596006000,29/07/2020,107.027,
1596092400,30/07/2020,107.312,
1596178800,31/07/2020,107.599,
1596438000,03/08/2020,107.948,
1596524400,04/08/2020,108.08,
1596610800,05/08/2020,108.138,
1596697200,06/08/2020,108.523,
1596783600,07/08/2020,108.715,
1597042800,10/08/2020,109.288,
1597129200,11/08/2020,109.809,
1597215600,12/08/2020,108.977,
1597302000,13/08/2020,108.83,
1597388400,14/08/2020,108.107,
1597647600,17/08/2020,107.914,
1597734000,18/08/2020,108.099,
1597820400,19/08/2020,107.761,
1597906800,20/08/2020,107.119,
1597993200,21/08/2020,107.937,
1598252400,24/08/2020,108.021,
1598338800,25/08/2020,108.047,
1598425200,26/08/2020,108.031,
1598511600,27/08/2020,107.81,
1598598000,28/08/2020,107.722,
1598857200,31/08/2020,108.193,
1598943600,01/09/2020,108.462,
1599030000,02/09/2020,109.239,
1599116400,03/09/2020,109.74,
1599202800,04/09/2020,109.324,
1599462000,07/09/2020,109.035,
1599548400,08/09/2020,108.959,
1599634800,09/09/2020,108.8,
1599721200,10/09/2020,109.708,
1599807600,11/09/2020,109.711,
1600066800,14/09/2020,109.555,
1600153200,15/09/2020,109.722,
1600239600,16/09/2020,110.113,
1600326000,17/09/2020,110.149,
1600412400,18/09/2020,109.881,
1600671600,21/09/2020,109.062,
1600758000,22/09/2020,108.532,
1600844400,23/09/2020,107.67,
1600930800,24/09/2020,106.047,
1601017200,25/09/2020,106.557,
1601276400,28/09/2020,106.767,
1601362800,29/09/2020,106.697,
1601449200,30/09/2020,106.276,
1601535600,01/10/2020,107.06,
1601622000,02/10/2020,107.004,
1601881200,05/10/2020,107.214,
1601967600,06/10/2020,107.557,
1602054000,07/10/2020,108.057,
1602140400,08/10/2020,108.817,
1602226800,09/10/2020,108.963,
1602486000,12/10/2020,109.161,
1602572400,13/10/2020,109.278,
1602658800,14/10/2020,109.259,
1602745200,15/10/2020,109.208,
1602831600,16/10/2020,109.139,
1603090800,19/10/2020,109.111,
1603177200,20/10/2020,108.86,
1603263600,21/10/2020,108.882,
1603350000,22/10/2020,108.714,
1603436400,23/10/2020,108.395,
1603699200,26/10/2020,108.222,
1603785600,27/10/2020,108.356,
1603872000,28/10/2020,108.444,
1603958400,29/10/2020,107.945,
1604044800,30/10/2020,107.661,
1604304000,02/11/2020,107.631,
1604390400,03/11/2020,107.827,
1604476800,04/11/2020,108.807,
1604649600,06/11/2020,110.434,
1604908800,09/11/2020,110.406,
1604995200,10/11/2020,110.46,
1605081600,11/11/2020,110.469,
1605168000,12/11/2020,110.646,
1605254400,13/11/2020,110.499,
1605513600,16/11/2020,110.515,
1605600000,17/11/2020,110.49,
1605686400,18/11/2020,110.496,
1605772800,19/11/2020,110.587,
1605859200,20/11/2020,110.754,
1606118400,23/11/2020,110.816,
1606204800,24/11/2020,110.774,
1606291200,25/11/2020,110.804,
1606377600,26/11/2020,110.764,
1606464000,27/11/2020,110.792,
1606723200,30/11/2020,110.827,
1606809600,01/12/2020,110.922,
1606896000,02/12/2020,111.052,
1606982400,03/12/2020,110.79,
1607068800,04/12/2020,111.02,
1607328000,07/12/2020,110.825,
1607414400,08/12/2020,110.697,
1607500800,09/12/2020,110.83,
1607587200,10/12/2020,110.78,
1607673600,11/12/2020,110.904,
1607932800,14/12/2020,111.081,
1608019200,15/12/2020,111.114,
1608105600,16/12/2020,111.3,
1608192000,17/12/2020,111.562,
1608278400,18/12/2020,111.533,
1608537600,21/12/2020,111.535,
1608624000,22/12/2020,111.077,
1608710400,23/12/2020,111.154,
1608796800,24/12/2020,111.198,
1609142400,28/12/2020,111.174,
1609228800,29/12/2020,111.203,
1609315200,30/12/2020,111.292,
1609401600,31/12/2020,111.36,
1609747200,04/01/2021,111.612,
1609833600,05/01/2021,111.487,
1609920000,06/01/2021,110.601,
1610006400,07/01/2021,110.333,
1610092800,08/01/2021,110.134,
1610352000,11/01/2021,109.915,
1610438400,12/01/2021,109.392,
1610524800,13/01/2021,109.881,
1610611200,14/01/2021,110.069,
1610697600,15/01/2021,109.816,
1610956800,18/01/2021,109.479,
1611043200,19/01/2021,109.502,
1611129600,20/01/2021,109.397,
1611216000,21/01/2021,109.578,
1611302400,22/01/2021,109.234,
1611561600,25/01/2021,109.168,
1611648000,26/01/2021,109.298,
1611734400,27/01/2021,109.131,
1611820800,28/01/2021,109.361,
1611907200,29/01/2021,109.492,
1612166400,01/02/2021,109.485,
1612252800,02/02/2021,109.911,
1612339200,03/02/2021,110.187,
1612425600,04/02/2021,110.063,
1612512000,05/02/2021,110.424,
1612771200,08/02/2021,110.233,
1612857600,09/02/2021,110.309,
1612944000,10/02/2021,110.114,
1613030400,11/02/2021,110.223,
1613116800,12/02/2021,110.205,
1613376000,15/02/2021,110.163,
1613462400,16/02/2021,110.054,
1613548800,17/02/2021,109.492,
1613635200,18/02/2021,109.563,
1613721600,19/02/2021,109.427,
1613980800,22/02/2021,107.688,
1614067200,23/02/2021,107.274,
1614153600,24/02/2021,107.878,
1614240000,25/02/2021,107.433,
1614326400,26/02/2021,106.512,
1614585600,01/03/2021,106.46,
1614672000,02/03/2021,106.138,
1614758400,03/03/2021,105.836,
1614844800,04/03/2021,105.72,
1614931200,05/03/2021,105.209,
1615190400,08/03/2021,104.625,
1615276800,09/03/2021,103.424,
1615363200,10/03/2021,103.458,
1615449600,11/03/2021,104.452,
1615536000,12/03/2021,104.505,
1615795200,15/03/2021,104.212,
1615881600,16/03/2021,104.776,
1615968000,17/03/2021,104.605,
1616054400,18/03/2021,104.466,
1616140800,19/03/2021,104.359,
1616400000,22/03/2021,104.423,
1616486400,23/03/2021,104.642,
1616572800,24/03/2021,104.52,
1616659200,25/03/2021,104.11,
1616745600,26/03/2021,103.88,
1617001200,29/03/2021,103.784,
1617087600,30/03/2021,103.325,
1617174000,31/03/2021,103.327,
1617260400,01/04/2021,103.913,
1617692400,06/04/2021,103.85,
1617778800,07/04/2021,104.192,
1617865200,08/04/2021,104.083,
1617951600,09/04/2021,104.146,
1618210800,12/04/2021,103.983,
1618297200,13/04/2021,103.645,
1618383600,14/04/2021,103.896,
1618470000,15/04/2021,104.072,
1618556400,16/04/2021,104.781,
1618815600,19/04/2021,104.979,
1618902000,20/04/2021,105.123,
1618988400,21/04/2021,105.048,
1619074800,22/04/2021,105.067,
1619161200,23/04/2021,105.221,
1619420400,26/04/2021,105.224,
1619506800,27/04/2021,105.29,
1619593200,28/04/2021,105.095,
1619679600,29/04/2021,105.251,
1619766000,30/04/2021,105.275,
1620025200,03/05/2021,105.43,
1620111600,04/05/2021,105.561,
1620198000,05/05/2021,105.674,
1620284400,06/05/2021,106,
1620370800,07/05/2021,106.71,
1620630000,10/05/2021,107.091,
1620716400,11/05/2021,107.244,
1620802800,12/05/2021,107.035,
1620889200,13/05/2021,106.334,
1620975600,14/05/2021,106.623,
1621234800,17/05/2021,106.688,
1621321200,18/05/2021,106.54,
1621407600,19/05/2021,106.432,
1621494000,20/05/2021,106.377,
1621580400,21/05/2021,106.599,
1621839600,24/05/2021,106.654,
1621926000,25/05/2021,106.725,
1622012400,26/05/2021,107.009,
1622098800,27/05/2021,107.333,
1622185200,28/05/2021,107.297,
1622444400,31/05/2021,107.446,
1622530800,01/06/2021,107.427,
1622617200,02/06/2021,107.666,
1622703600,03/06/2021,107.922,
1622790000,04/06/2021,107.417,
1623049200,07/06/2021,107.712,
1623135600,08/06/2021,107.793,
1623222000,09/06/2021,108.041,
1623308400,10/06/2021,108.087,
1623394800,11/06/2021,108.354,
1623654000,14/06/2021,108.247,
1623740400,15/06/2021,107.87,
1623826800,16/06/2021,107.707,
1623913200,17/06/2021,107.286,
1623999600,18/06/2021,107.619,
1624258800,21/06/2021,107.647,
1624345200,22/06/2021,107.572,
1624431600,23/06/2021,107.532,
1624518000,24/06/2021,107.577,
1624604400,25/06/2021,107.618,
1624863600,28/06/2021,107.551,
1624950000,29/06/2021,107.314,
1625036400,30/06/2021,107.5,
1625122800,01/07/2021,107.213,
1625209200,02/07/2021,107.015,
1625468400,05/07/2021,106.906,
1625554800,06/07/2021,107.091,
1625641200,07/07/2021,107.124,
1625727600,08/07/2021,107.083,
1625814000,09/07/2021,106.857,
1626073200,12/07/2021,106.886,
1626159600,13/07/2021,106.879,
1626246000,14/07/2021,106.69,
1626332400,15/07/2021,106.908,
1626418800,16/07/2021,106.867,
1626678000,19/07/2021,106.904,
1626764400,20/07/2021,106.905,
1626850800,21/07/2021,106.911,
1626937200,22/07/2021,106.738,
1627023600,23/07/2021,106.782,
1627282800,26/07/2021,106.952,
1627369200,27/07/2021,106.92,
1627455600,28/07/2021,106.52,
1627542000,29/07/2021,106.627,
1627628400,30/07/2021,106.805,
1627887600,02/08/2021,107.017,
1627974000,03/08/2021,107.131,
1628060400,04/08/2021,107.05,
1628146800,05/08/2021,107.033,
1628233200,06/08/2021,106.701,
1628492400,09/08/2021,106.523,
1628578800,10/08/2021,106.238,
1628665200,11/08/2021,106.05,
1628751600,12/08/2021,106.141,
1628838000,13/08/2021,106.144,
1629097200,16/08/2021,106.298,
1629183600,17/08/2021,106.289,
1629270000,18/08/2021,106.132,
1629356400,19/08/2021,105.612,
1629442800,20/08/2021,105.657,
1629702000,23/08/2021,105.647,
1629788400,24/08/2021,105.744,
1629874800,25/08/2021,105.719,
1629961200,26/08/2021,105.605,
1630047600,27/08/2021,105.668,
1630306800,30/08/2021,105.975,
1630393200,31/08/2021,106.152,
1630479600,01/09/2021,106.017,
1630566000,02/09/2021,106.118,
1630652400,03/09/2021,106.17,
1630911600,06/09/2021,106.137,
1630998000,07/09/2021,106.037,
1631084400,08/09/2021,105.833,
1631170800,09/09/2021,105.533,
1631257200,10/09/2021,105.607,
1631516400,13/09/2021,105.721,
1631602800,14/09/2021,105.646,
1631689200,15/09/2021,105.8,
1631775600,16/09/2021,105.645,
1631862000,17/09/2021,105.552,
1632121200,20/09/2021,105.378,
1632207600,21/09/2021,105.141,
1632294000,22/09/2021,105.338,
1632380400,23/09/2021,105.215,
1632466800,24/09/2021,104.847,
1632812400,28/09/2021,103.961,
1632898800,29/09/2021,103.535,
1632985200,30/09/2021,103.417,
1633071600,01/10/2021,103.149,
1633330800,04/10/2021,102.991,
1633417200,05/10/2021,102.72,
1633503600,06/10/2021,102.5,
1633590000,07/10/2021,102.74,
1633676400,08/10/2021,102.688,
1633935600,11/10/2021,102.495,
1634022000,12/10/2021,102.463,
1634108400,13/10/2021,102.499,
1634194800,14/10/2021,102.656,
1634281200,15/10/2021,102.898,
1634540400,18/10/2021,102.653,
1634626800,19/10/2021,102.697,
1634713200,20/10/2021,102.216,
1634799600,21/10/2021,101.358,
1634886000,22/10/2021,100.605,
1635145200,25/10/2021,100.547,
1635231600,26/10/2021,101.062,
1635318000,27/10/2021,101.222,
1635404400,28/10/2021,101.217,
1635490800,29/10/2021,100.719,
1635753600,01/11/2021,99.866997,
1635840000,02/11/2021,99.579002,
1635926400,03/11/2021,99.549004,
1636012800,04/11/2021,100.43,
1636099200,05/11/2021,100.783,
1636358400,08/11/2021,101.112,
1636444800,09/11/2021,101.327,
1636531200,10/11/2021,101.308,
1636617600,11/11/2021,101.055,
1636704000,12/11/2021,100.93,
1636963200,15/11/2021,100.874,
1637049600,16/11/2021,100.714,
1637136000,17/11/2021,100.586,
1637222400,18/11/2021,100.545,
1637308800,19/11/2021,100.599,
1637568000,22/11/2021,100.536,
1637654400,23/11/2021,99.828003,
1637740800,24/11/2021,99.555,
1637827200,25/11/2021,99.459999,
1637913600,26/11/2021,99.188004,
1638172800,29/11/2021,99.005997,
1638259200,30/11/2021,99.475998,
1638345600,01/12/2021,100.139,
1638432000,02/12/2021,100.363,
1638518400,03/12/2021,100.85,
1638777600,06/12/2021,100.812,
1638864000,07/12/2021,101.007,
1638950400,08/12/2021,101.401,
1639036800,09/12/2021,101.271,
1639123200,10/12/2021,101.144,
1639382400,13/12/2021,101.22,
1639468800,14/12/2021,101.34,
1639555200,15/12/2021,101.289,
1639641600,16/12/2021,101.245,
1639728000,17/12/2021,101.46,
1639987200,20/12/2021,101.412,
1640073600,21/12/2021,101.545,
1640160000,22/12/2021,101.655,
1640246400,23/12/2021,101.796,
1640332800,24/12/2021,102.105,
1640592000,27/12/2021,101.954,
1640678400,28/12/2021,102.199,
1640764800,29/12/2021,102.414,
1640851200,30/12/2021,102.347,
1640937600,31/12/2021,102.42,
1641196800,03/01/2022,102.659,
1641283200,04/01/2022,102.093,
1641369600,05/01/2022,101.923,
1641456000,06/01/2022,100.771,
1641542400,07/01/2022,100.854,
1641801600,10/01/2022,100.168,
1641888000,11/01/2022,100.532,
1642060800,13/01/2022,100.546,
1642147200,14/01/2022,100.362,
1642406400,17/01/2022,100.228,
1642492800,18/01/2022,99.929001,
1642579200,19/01/2022,99.846001,
1642665600,20/01/2022,100.013,
1642752000,21/01/2022,100.112,
1643011200,24/01/2022,100.157,
1643097600,25/01/2022,99.836998,
1643184000,26/01/2022,100.018,
1643270400,27/01/2022,99.794998,
1643356800,28/01/2022,99.68,
1643616000,31/01/2022,99.679001,
1643702400,01/02/2022,99.755997,
1643788800,02/02/2022,99.922997,
1643875200,03/02/2022,100.344,
1643961600,04/02/2022,100.025,
1644220800,07/02/2022,99.241997,
1644307200,08/02/2022,99.245003,
1644393600,09/02/2022,99.530998,
1644480000,10/02/2022,99.426003,
1644566400,11/02/2022,98.653999,
1644825600,14/02/2022,98.335999,
1644912000,15/02/2022,98.105003,
1644998400,16/02/2022,98.172997,
1645084800,17/02/2022,98.241997,
1645171200,18/02/2022,98.226997,
1645430400,21/02/2022,98.265999,
1645516800,22/02/2022,98.207001,
1645603200,23/02/2022,98.056999,
1645689600,24/02/2022,97.142998,
1645776000,25/02/2022,98.413002,
1646035200,28/02/2022,98.440002,
1646121600,01/03/2022,99.238998,
1646208000,02/03/2022,99.358002,
1646294400,03/03/2022,98.882004,
1646380800,04/03/2022,98.986,
1646640000,07/03/2022,98.281998,
1646726400,08/03/2022,98.077003,
1646812800,09/03/2022,97.989998,
1646899200,10/03/2022,98.198997,
1646985600,11/03/2022,98.100998,
1647244800,14/03/2022,97.663002,
1647331200,15/03/2022,97.045998,
1647417600,16/03/2022,97.638,
1647504000,17/03/2022,97.861,
1647590400,18/03/2022,98.141998,
1647849600,21/03/2022,98.166,
1647936000,22/03/2022,97.819,
1648022400,23/03/2022,97.174004,
1648108800,24/03/2022,97.153999,
1648195200,25/03/2022,97.387001,
1648450800,28/03/2022,97.186996,
1648537200,29/03/2022,97.209999,
1648623600,30/03/2022,97.775002,
1648710000,31/03/2022,98.198997,
1648796400,01/04/2022,98.146004,
1649055600,04/04/2022,97.847,
1649142000,05/04/2022,97.933998,
1649228400,06/04/2022,96.875,
1649314800,07/04/2022,96.970001,
1649401200,08/04/2022,96.752998,
1649660400,11/04/2022,96.176003,
1649746800,12/04/2022,95.427002,
1649833200,13/04/2022,95.689003,
1649919600,14/04/2022,96.365997,
1650351600,19/04/2022,96.132004,
1650438000,20/04/2022,96.133003,
1650524400,21/04/2022,96.319,
1650610800,22/04/2022,95.749001,
1650870000,25/04/2022,95.279999,
1650956400,26/04/2022,96.410004,
1651042800,27/04/2022,96.138,
1651129200,28/04/2022,95.882004,
1651215600,29/04/2022,95.264,
1651474800,02/05/2022,94.383003,
1651561200,03/05/2022,94.336998,
1651647600,04/05/2022,94.554001,
1651734000,05/05/2022,95.181,
1651820400,06/05/2022,94.293999,
1652079600,09/05/2022,93.403,
1652166000,10/05/2022,93.392998,
1652252400,11/05/2022,93.477997,
1652338800,12/05/2022,93.831001,
1652425200,13/05/2022,93.639,
1652684400,16/05/2022,93.588997,
1652770800,17/05/2022,93.564003,
1652857200,18/05/2022,93.045998,
1652943600,19/05/2022,93.276001,
1653030000,20/05/2022,93.583,
1653289200,23/05/2022,93.674004,
1653375600,24/05/2022,93.619003,
1653462000,25/05/2022,94.012001,
1653548400,26/05/2022,94.719002,
1653634800,27/05/2022,95.008003,
1653894000,30/05/2022,95.450996,
1653980400,31/05/2022,95.331001,
1654066800,01/06/2022,94.896004,
1654153200,02/06/2022,94.586998,
1654239600,03/06/2022,94.391998,
1654498800,06/06/2022,94.095001,
1654585200,07/06/2022,93.600998,
1654671600,08/06/2022,93.726997,
1654758000,09/06/2022,93.471001,
1654844400,10/06/2022,92.991997,
1655103600,13/06/2022,90.704002,
1655190000,14/06/2022,90.266998,
1655276400,15/06/2022,90.121002,
1655362800,16/06/2022,89.774002,
1655449200,17/06/2022,90.425003,
1655708400,20/06/2022,90.269997,
1655794800,21/06/2022,90.054001,
1655881200,22/06/2022,90.181999,
1655967600,23/06/2022,90.549004,
1656054000,24/06/2022,90.697998,
1656313200,27/06/2022,90.675003,
1656399600,28/06/2022,90.327003,
1656486000,29/06/2022,89.802002,
1656572400,30/06/2022,89.847,
1656658800,01/07/2022,90.161003,
1656918000,04/07/2022,90.694,
1657004400,05/07/2022,90.655998,
1657090800,06/07/2022,90.714996,
1657177200,07/07/2022,90.681,
1657263600,08/07/2022,90.730003,
1657522800,11/07/2022,90.462997,
1657609200,12/07/2022,90.260002,
1657695600,13/07/2022,89.454002,
1657782000,14/07/2022,89.694,
1657868400,15/07/2022,89.319,
1658127600,18/07/2022,89.545998,
1658214000,19/07/2022,89.82,
1658300400,20/07/2022,90.778,
1658386800,21/07/2022,91.626999,
1658473200,22/07/2022,92.196999,
1658732400,25/07/2022,92.827003,
1658818800,26/07/2022,93.002998,
1658905200,27/07/2022,92.722,
1658991600,28/07/2022,93.181999,
1659078000,29/07/2022,94.512001,
1659337200,01/08/2022,94.966003,
1659423600,02/08/2022,95.002998,
1659510000,03/08/2022,94.066002,
1659596400,04/08/2022,94.780998,
1659682800,05/08/2022,94.556999,
1659942000,08/08/2022,94.580002,
1660028400,09/08/2022,94.776001,
1660114800,10/08/2022,93.932999,
1660201200,11/08/2022,95.015999,
1660287600,12/08/2022,94.963997,
1660546800,15/08/2022,94.998001,
1660633200,16/08/2022,95.094002,
1660719600,17/08/2022,94.042999,
1660806000,18/08/2022,94.25,
1660892400,19/08/2022,93.837997,
1661151600,22/08/2022,93.182999,
1661238000,23/08/2022,93.005997,
1661324400,24/08/2022,93.308998,
1661410800,25/08/2022,93.439003,
1661497200,26/08/2022,93.667999,
1661756400,29/08/2022,92.875999,
1661842800,30/08/2022,93.098999,
1661929200,31/08/2022,93.144997,
1662015600,01/09/2022,92.970001,
1662102000,02/09/2022,93.066002,
1662361200,05/09/2022,93.363998,
1662447600,06/09/2022,93.310997,
1662534000,07/09/2022,93.071999,
1662620400,08/09/2022,93.869003,
1662706800,09/09/2022,94.155998,
1662966000,12/09/2022,94.313004,
1663052400,13/09/2022,94.301003,
1663138800,14/09/2022,93.595001,
1663225200,15/09/2022,93.448997,
1663311600,16/09/2022,93.184998,
1663570800,19/09/2022,92.957001,
1663657200,20/09/2022,92.790001,
1663743600,21/09/2022,92.525002,
1663830000,22/09/2022,92.278,
1663916400,23/09/2022,91.066002,
1664175600,26/09/2022,89.946999,
1664262000,27/09/2022,89.221001,
1664348400,28/09/2022,87.596001,
1664434800,29/09/2022,88.773003,
1664521200,30/09/2022,88.960999,
1664780400,03/10/2022,90.026001,
1664866800,04/10/2022,90.567001,
1664953200,05/10/2022,91.225998,
1665039600,06/10/2022,90.464996,
1665126000,07/10/2022,89.792999,
1665385200,10/10/2022,89.598,
1665471600,11/10/2022,89.181999,
1665558000,12/10/2022,89.015999,
1665644400,13/10/2022,88.588997,
1665730800,14/10/2022,88.584,
1665990000,17/10/2022,88.596001,
1666076400,18/10/2022,88.984001,
1666162800,19/10/2022,88.616997,
1666249200,20/10/2022,88.477997,
1666335600,21/10/2022,88.300003,
1666594800,24/10/2022,89.550003,
1666681200,25/10/2022,89.75,
1666767600,26/10/2022,90.057999,
1666854000,27/10/2022,89.819,
1666940400,28/10/2022,89.903,
1667203200,31/10/2022,90.017998,
1667289600,01/11/2022,90.500999,
1667376000,02/11/2022,90.651001,
1667462400,03/11/2022,89.836998,
1667548800,04/11/2022,90.087997,
1667808000,07/11/2022,90.458,
1667894400,08/11/2022,90.255997,
1667980800,09/11/2022,89.928001,
1668067200,10/11/2022,89.463997,
1668153600,11/11/2022,90.613998,
1668412800,14/11/2022,90.533997,
1668499200,15/11/2022,91.514999,
1668585600,16/11/2022,91.862,
1668672000,17/11/2022,91.153999,
1668758400,18/11/2022,91.621002,
1669017600,21/11/2022,91.337997,
1669104000,22/11/2022,91.621002,
1669190400,23/11/2022,92.046997,
1669276800,24/11/2022,92.182999,
1669363200,25/11/2022,92.167999,
1669622400,28/11/2022,92.204002,
1669708800,29/11/2022,92.470001,
1669795200,30/11/2022,93.011002,
1669881600,01/12/2022,93.68,
1669968000,02/12/2022,93.960999,
1670227200,05/12/2022,94.379997,
1670313600,06/12/2022,94.220001,
1670400000,07/12/2022,93.713997,
1670486400,08/12/2022,94.43,
1670572800,09/12/2022,94.530998,
1670832000,12/12/2022,94.402,
1670918400,13/12/2022,93.984001,
1671004800,14/12/2022,94.464996,
1671091200,15/12/2022,94.349998,
1671177600,16/12/2022,93.723,
1671436800,19/12/2022,93.542999,
1671523200,20/12/2022,92.949997,
1671609600,21/12/2022,93.119003,
1671696000,22/12/2022,93.370003,
1671782400,23/12/2022,93.296997,
1672128000,27/12/2022,93.211998,
1672214400,28/12/2022,93.113998,
1672300800,29/12/2022,93.013,
1672387200,30/12/2022,93.037003,
1672646400,02/01/2023,92.969002,
1672732800,03/01/2023,93.247002,
1672819200,04/01/2023,93.626999,
1672905600,05/01/2023,93.608002,
1672992000,06/01/2023,93.418999,
1673337600,10/01/2023,94.392998,
1673424000,11/01/2023,94.308998,
1673510400,12/01/2023,94.804001,
1673596800,13/01/2023,95.265999,
1673856000,16/01/2023,95.174004,
1673942400,17/01/2023,94.934998,
1674028800,18/01/2023,95.528,
1674115200,19/01/2023,95.797997,
1674201600,20/01/2023,95.509003,
1674460800,23/01/2023,95.366997,
1674547200,24/01/2023,95.288002,
1674633600,25/01/2023,95.297997,
1674720000,26/01/2023,95.157997,
1674806400,27/01/2023,94.999001,
1675065600,30/01/2023,94.873001,
1675152000,31/01/2023,94.796997,
1675238400,01/02/2023,95.195,
1675324800,02/02/2023,96.112,
1675411200,03/02/2023,96.193001,
1675670400,06/02/2023,95.220001,
1675756800,07/02/2023,94.835999,
1675843200,08/02/2023,94.681999,
1675929600,09/02/2023,94.578003,
1676016000,10/02/2023,93.549004,
1676275200,13/02/2023,93.420998,
1676361600,14/02/2023,93.598,
1676448000,15/02/2023,93.364998,
1676534400,16/02/2023,93.18,
1676620800,17/02/2023,92.500999,
1676880000,20/02/2023,92.637001,
1676966400,21/02/2023,92.142998,
1677052800,22/02/2023,92.093002,
1677139200,23/02/2023,92.211998,
1677225600,24/02/2023,92.445999,
1677484800,27/02/2023,92.418999,
1677571200,28/02/2023,92.264999,
1677657600,01/03/2023,92.279999,
1677744000,02/03/2023,91.864998,
1677830400,03/03/2023,91.850998,
1678089600,06/03/2023,92.200996,
1678176000,07/03/2023,92.086998,
1678262400,08/03/2023,91.530998,
1678348800,09/03/2023,91.596001,
1678435200,10/03/2023,91.827003,
1678694400,13/03/2023,92.959999,
1678780800,14/03/2023,93.040001,
1678867200,15/03/2023,93.074997,
1678953600,16/03/2023,93.577003,
1679040000,17/03/2023,93.459,
1679299200,20/03/2023,93.640999,
1679385600,21/03/2023,93.686996,
1679472000,22/03/2023,93.676003,
1679558400,23/03/2023,94.216003,
1679644800,24/03/2023,94.565002,
1679900400,27/03/2023,94.387001,
1679986800,28/03/2023,94.200996,
1680073200,29/03/2023,94.266998,
1680159600,30/03/2023,94.559998,
1680246000,31/03/2023,94.670998,
1680505200,03/04/2023,95.021004,
1680591600,04/04/2023,95.292999,
1680678000,05/04/2023,95.584999,
1680764400,06/04/2023,95.735001,
1681196400,11/04/2023,95.233002,
1681282800,12/04/2023,95.325996,
1681369200,13/04/2023,95.259003,
1681455600,14/04/2023,95.378998,
1681714800,17/04/2023,95.147003,
1681801200,18/04/2023,94.946999,
1681887600,19/04/2023,94.893997,
1681974000,20/04/2023,94.827003,
1682060400,21/04/2023,94.898003,
1682319600,24/04/2023,94.806,
1682406000,25/04/2023,94.981003,
1682492400,26/04/2023,95.009003,
1682578800,27/04/2023,94.976997,
1682665200,28/04/2023,94.903999,
1683010800,02/05/2023,94.903,
1683097200,03/05/2023,95.238998,
1683183600,04/05/2023,95.348,
1683270000,05/05/2023,95.242996,
1683529200,08/05/2023,95.087997,
1683615600,09/05/2023,95.181,
1683702000,10/05/2023,95.355003,
1683788400,11/05/2023,95.644997,
1683874800,12/05/2023,95.75,
1684134000,15/05/2023,95.519997,
1684220400,16/05/2023,95.508003,
1684306800,17/05/2023,95.472,
1684393200,18/05/2023,95.474998,
1684479600,19/05/2023,95.359001,
1684738800,22/05/2023,95.378998,
1684825200,23/05/2023,95.282997,
1684911600,24/05/2023,95.271004,
1684998000,25/05/2023,95.058998,
1685084400,26/05/2023,94.936996,
1685343600,29/05/2023,94.948997,
1685430000,30/05/2023,95.170998,
1685516400,31/05/2023,95.271004,
1685602800,01/06/2023,95.153,
1685689200,02/06/2023,95.227997,
1685948400,05/06/2023,95.036003,
1686034800,06/06/2023,95.208,
1686121200,07/06/2023,95.294998,
1686207600,08/06/2023,95.065002,
1686294000,09/06/2023,95.165001,
1686553200,12/06/2023,95.230003,
1686639600,13/06/2023,95.390999,
1686726000,14/06/2023,95.18,
1686812400,15/06/2023,95.129997,
1686898800,16/06/2023,95.318001,
1687158000,19/06/2023,95.218002,
1687244400,20/06/2023,95.176003,
1687330800,21/06/2023,95.230003,
1687417200,22/06/2023,95.163002,
1687503600,23/06/2023,95.060997,
1687762800,26/06/2023,95.139,
1687849200,27/06/2023,95.139999,
1687935600,28/06/2023,95.092003,
1688022000,29/06/2023,95.021004,
1688108400,30/06/2023,94.592003,
1688367600,03/07/2023,94.650002,
1688454000,04/07/2023,94.691002,
1688540400,05/07/2023,94.711998,
1688626800,06/07/2023,94.318001,
1688713200,07/07/2023,93.93,
1688972400,10/07/2023,93.879997,
1689058800,11/07/2023,94.022003,
1689145200,12/07/2023,94.167,
1689231600,13/07/2023,94.931999,
1689318000,14/07/2023,95.362,
1689577200,17/07/2023,95.214996,
1689663600,18/07/2023,95.350998,
1689750000,19/07/2023,95.513,
1689836400,20/07/2023,95.378998,
1689922800,21/07/2023,95.188004,
1690182000,24/07/2023,95.297997,
1690268400,25/07/2023,95.110001,
1690354800,26/07/2023,95.308998,
1690441200,27/07/2023,95.529999,
1690527600,28/07/2023,95.239998,
1690786800,31/07/2023,95.336998,
1690873200,01/08/2023,95.269997,
1690959600,02/08/2023,95.044998,
1691046000,03/08/2023,94.571999,
1691132400,04/08/2023,94.244003,
1691391600,07/08/2023,94.491997,
1691478000,08/08/2023,94.571999,
1691564400,09/08/2023,94.585999,
1691650800,10/08/2023,94.712997,
1691737200,11/08/2023,94.725998,
1691996400,14/08/2023,94.598,
1692082800,15/08/2023,94.157997,
1692169200,16/08/2023,93.959999,
1692255600,17/08/2023,93.605003,
1692342000,18/08/2023,93.617996,
1692601200,21/08/2023,93.551003,
1692687600,22/08/2023,93.457001,
1692774000,23/08/2023,93.627998,
1692860400,24/08/2023,93.947998,
1692946800,25/08/2023,93.957001,
1693206000,28/08/2023,93.946999,
1693292400,29/08/2023,94.061996,
1693378800,30/08/2023,94.515999,
1693465200,31/08/2023,94.763,
1693551600,01/09/2023,94.732002,
1693810800,04/09/2023,94.575996,
1693897200,05/09/2023,94.442001,
1693983600,06/09/2023,94.189003,
1694070000,07/09/2023,93.959999,
1694156400,08/09/2023,94.147003,
1694415600,11/09/2023,94.236,
1694502000,12/09/2023,94.198997,
1694588400,13/09/2023,94.125999,
1694674800,14/09/2023,94.422997,
1694761200,15/09/2023,94.325996,
1695020400,18/09/2023,94.149002,
1695106800,19/09/2023,94.094002,
1695193200,20/09/2023,94.000999,
1695279600,21/09/2023,93.818001,
1695366000,22/09/2023,93.513,
1695625200,25/09/2023,93.554001,
1695711600,26/09/2023,93.517998,
1695798000,27/09/2023,93.458,
1695884400,28/09/2023,93.166,
1695970800,29/09/2023,93.545998,
1696230000,02/10/2023,93.306,
1696316400,03/10/2023,92.850998,
1696402800,04/10/2023,92.268997,
1696489200,05/10/2023,92.522003,
1696575600,06/10/2023,92.477997,
1696834800,09/10/2023,92.264,
1696921200,10/10/2023,92.550003,
1697007600,11/10/2023,93.323997,
1697094000,12/10/2023,93.485001,
1697180400,13/10/2023,93.100998,
1697439600,16/10/2023,93.011002,
1697526000,17/10/2023,92.800003,
1697612400,18/10/2023,92.472,
1697698800,19/10/2023,92.035004,
1697785200,20/10/2023,92.017998,
1698044400,23/10/2023,91.859001,
1698130800,24/10/2023,92.404999,
1698217200,25/10/2023,92.543999,
1698303600,26/10/2023,92.251999,
1698390000,27/10/2023,92.347,
1698652800,30/10/2023,92.339996,
1698739200,31/10/2023,92.384003,
1698825600,01/11/2023,92.389999,
1698912000,02/11/2023,93.132004,
1698998400,03/11/2023,93.824997,
1699257600,06/11/2023,93.921997,
1699344000,07/11/2023,93.511002,
1699430400,08/11/2023,93.461998,
1699516800,09/11/2023,93.378998,
1699603200,10/11/2023,93.154999,
1699862400,13/11/2023,93.162003,
1699948800,14/11/2023,92.877998,
1700035200,15/11/2023,93.663002,
1700121600,16/11/2023,93.611,
1700208000,17/11/2023,93.816002,
1700467200,20/11/2023,93.737999,
1700553600,21/11/2023,94.043999,
1700640000,22/11/2023,94.183998,
1700726400,23/11/2023,94.279999,
1700812800,24/11/2023,94.154999,
1701072000,27/11/2023,94.166,
1701158400,28/11/2023,94.404999,
1701244800,29/11/2023,94.983002,
1701331200,30/11/2023,95.183998,
1701417600,01/12/2023,94.960999,
1701676800,04/12/2023,95.230003,
1701763200,05/12/2023,95.182999,
1701849600,06/12/2023,95.503998,
1701936000,07/12/2023,95.537003,
1702022400,08/12/2023,95.485001,
1702281600,11/12/2023,95.014,
1702368000,12/12/2023,95.166,
1702454400,13/12/2023,95.164001,
1702540800,14/12/2023,96.469002,
1702627200,15/12/2023,96.852997,
1702886400,18/12/2023,96.747002,
1702972800,19/12/2023,96.639,
1703059200,20/12/2023,96.648003,
1703145600,21/12/2023,96.698997,
1703232000,22/12/2023,96.691002,
1703664000,27/12/2023,96.616997,
1703750400,28/12/2023,96.704002,
1703836800,29/12/2023,96.487,
1704182400,02/01/2024,96.300003,
1704268800,03/01/2024,95.728996,
1704355200,04/01/2024,95.505997,
1704441600,05/01/2024,95.305,
1704700800,08/01/2024,95.417999,
1704787200,09/01/2024,95.475998,
1704873600,10/01/2024,95.771004,
1704960000,11/01/2024,96.110001,
1705046400,12/01/2024,96.606003,
1705305600,15/01/2024,96.776001,
1705392000,16/01/2024,96.612,
1705478400,17/01/2024,96.412003,
1705564800,18/01/2024,96.411003,
1705651200,19/01/2024,96.262001,
1705910400,22/01/2024,96.028,
1705996800,23/01/2024,95.529999,
1706083200,24/01/2024,95.351997,
1706169600,25/01/2024,95.195,
1706256000,26/01/2024,95.287003,
1706515200,29/01/2024,95.43,
1706601600,30/01/2024,95.656998,
1706688000,31/01/2024,95.651001,
1706774400,01/02/2024,95.822998,
1706860800,02/02/2024,96.322998,
1707120000,05/02/2024,95.801003,
1707206400,06/02/2024,95.625999,
1707292800,07/02/2024,96.179001,
1707379200,08/02/2024,96.125999,
1707465600,09/02/2024,95.966003,
1707724800,12/02/2024,95.973999,
1707811200,13/02/2024,95.57,
1707897600,14/02/2024,95.362999,
1707984000,15/02/2024,95.5,
1708070400,16/02/2024,95.459,
1708329600,19/02/2024,95.358002,
1708416000,20/02/2024,95.348999,
1708502400,21/02/2024,95.195,
1708588800,22/02/2024,95.037003,
1708934400,26/02/2024,95.157997,
1709020800,27/02/2024,94.956001,
1709107200,28/02/2024,94.814,