ISIN,US105756CD06,,
Coupon,2.875,,
Maturity,5 Years,,
Start,2020,End,2025
,,,
time,date,close,
1591858800,11/06/2020,99.425003,
1591945200,12/06/2020,98.292,
1592204400,15/06/2020,98.793999,
1592290800,16/06/2020,98.933998,
1592377200,17/06/2020,99.463997,
1592463600,18/06/2020,99.143997,
1592550000,19/06/2020,98.790001,
1592809200,22/06/2020,98.941002,
1592895600,23/06/2020,98.922997,
1592982000,24/06/2020,99.042,
1593068400,25/06/2020,98.819,
1593154800,26/06/2020,98.877998,
1593414000,29/06/2020,98.728996,
1593500400,30/06/2020,98.733002,
1593586800,01/07/2020,98.846001,
1593673200,02/07/2020,99.431999,
1593759600,03/07/2020,99.471001,
1594018800,06/07/2020,99.737999,
1594105200,07/07/2020,99.556,
1594191600,08/07/2020,99.472,
1594278000,09/07/2020,99.494003,
1594364400,10/07/2020,99.373001,
1594623600,13/07/2020,99.481003,
1594710000,14/07/2020,99.469002,
1594796400,15/07/2020,99.382004,
1594882800,16/07/2020,99.684998,
1594969200,17/07/2020,99.906998,
1595228400,20/07/2020,100.085,
1595314800,21/07/2020,100.386,
1595401200,22/07/2020,100.788,
1595487600,23/07/2020,101.011,
1595574000,24/07/2020,100.31,
1595833200,27/07/2020,100.36,
1595919600,28/07/2020,100.512,
1596006000,29/07/2020,100.745,
1596092400,30/07/2020,101.008,
1596178800,31/07/2020,101.12,
1596438000,03/08/2020,101.469,
1596524400,04/08/2020,101.567,
1596610800,05/08/2020,101.592,
1596697200,06/08/2020,101.882,
1596783600,07/08/2020,101.847,
1597042800,10/08/2020,101.98,
1597129200,11/08/2020,102.1,
1597215600,12/08/2020,101.597,
1597302000,13/08/2020,101.567,
1597388400,14/08/2020,101.123,
1597647600,17/08/2020,101.191,
1597734000,18/08/2020,101.184,
1597820400,19/08/2020,101.035,
1597906800,20/08/2020,100.611,
1597993200,21/08/2020,101.134,
1598252400,24/08/2020,101.146,
1598338800,25/08/2020,101.199,
1598425200,26/08/2020,101.073,
1598511600,27/08/2020,100.951,
1598598000,28/08/2020,101.089,
1598857200,31/08/2020,101.242,
1598943600,01/09/2020,101.455,
1599030000,02/09/2020,102.067,
1599116400,03/09/2020,102.317,
1599202800,04/09/2020,102.153,
1599462000,07/09/2020,102.152,
1599548400,08/09/2020,102.104,
1599634800,09/09/2020,101.926,
1599721200,10/09/2020,102.453,
1599807600,11/09/2020,102.449,
1600066800,14/09/2020,102.406,
1600153200,15/09/2020,102.502,
1600239600,16/09/2020,102.543,
1600326000,17/09/2020,102.455,
1600412400,18/09/2020,102.365,
1600671600,21/09/2020,101.85,
1600758000,22/09/2020,101.651,
1600844400,23/09/2020,101.356,
1600930800,24/09/2020,100.484,
1601017200,25/09/2020,100.74,
1601276400,28/09/2020,101.007,
1601362800,29/09/2020,100.934,
1601449200,30/09/2020,100.738,
1601535600,01/10/2020,101.066,
1601622000,02/10/2020,101.028,
1601881200,05/10/2020,101.195,
1601967600,06/10/2020,101.299,
1602054000,07/10/2020,101.459,
1602140400,08/10/2020,101.797,
1602226800,09/10/2020,101.923,
1602486000,12/10/2020,102.13,
1602572400,13/10/2020,102.125,
1602658800,14/10/2020,102.135,
1602745200,15/10/2020,102.13,
1602831600,16/10/2020,102.004,
1603090800,19/10/2020,102.1,
1603177200,20/10/2020,102.001,
1603263600,21/10/2020,102.056,
1603350000,22/10/2020,102.008,
1603436400,23/10/2020,101.759,
1603699200,26/10/2020,101.686,
1603785600,27/10/2020,101.714,
1603872000,28/10/2020,101.76,
1603958400,29/10/2020,101.52,
1604044800,30/10/2020,101.395,
1604304000,02/11/2020,101.414,
1604390400,03/11/2020,101.493,
1604476800,04/11/2020,101.886,
1604649600,06/11/2020,102.672,
1604908800,09/11/2020,102.615,
1604995200,10/11/2020,102.782,
1605081600,11/11/2020,102.859,
1605168000,12/11/2020,102.862,
1605254400,13/11/2020,102.732,
1605513600,16/11/2020,102.795,
1605600000,17/11/2020,102.762,
1605686400,18/11/2020,102.894,
1605772800,19/11/2020,102.982,
1605859200,20/11/2020,103.065,
1606118400,23/11/2020,103.127,
1606204800,24/11/2020,103.178,
1606291200,25/11/2020,103.3,
1606377600,26/11/2020,103.354,
1606464000,27/11/2020,103.335,
1606723200,30/11/2020,103.334,
1606809600,01/12/2020,103.458,
1606896000,02/12/2020,103.547,
1606982400,03/12/2020,103.441,
1607068800,04/12/2020,103.568,
1607328000,07/12/2020,103.476,
1607414400,08/12/2020,103.341,
1607500800,09/12/2020,103.416,
1607673600,11/12/2020,103.485,
1607932800,14/12/2020,103.598,
1608019200,15/12/2020,103.708,
1608105600,16/12/2020,103.855,
1608192000,17/12/2020,104.107,
1608278400,18/12/2020,104.068,
1608537600,21/12/2020,104.058,
1608624000,22/12/2020,103.854,
1608710400,23/12/2020,103.968,
1608796800,24/12/2020,103.99,
1609142400,28/12/2020,103.968,
1609228800,29/12/2020,103.982,
1609315200,30/12/2020,104.072,
1609401600,31/12/2020,104.173,
1609747200,04/01/2021,104.491,
1609833600,05/01/2021,104.476,
1609920000,06/01/2021,104.115,
1610006400,07/01/2021,103.936,
1610092800,08/01/2021,103.878,
1610352000,11/01/2021,103.75,
1610438400,12/01/2021,103.522,
1610524800,13/01/2021,103.577,
1610611200,14/01/2021,103.703,
1610697600,15/01/2021,103.613,
1610956800,18/01/2021,103.53,
1611043200,19/01/2021,103.504,
1611129600,20/01/2021,103.486,
1611216000,21/01/2021,103.574,
1611302400,22/01/2021,103.44,
1611561600,25/01/2021,103.439,
1611648000,26/01/2021,103.55,
1611734400,27/01/2021,103.396,
1611820800,28/01/2021,103.469,
1611907200,29/01/2021,103.549,
1612166400,01/02/2021,103.552,
1612252800,02/02/2021,103.743,
1612339200,03/02/2021,103.974,
1612425600,04/02/2021,103.904,
1612512000,05/02/2021,104.045,
1612771200,08/02/2021,103.973,
1612857600,09/02/2021,103.961,
1612944000,10/02/2021,103.906,
1613030400,11/02/2021,103.985,
1613116800,12/02/2021,103.975,
1613376000,15/02/2021,103.913,
1613462400,16/02/2021,103.851,
1613548800,17/02/2021,103.624,
1613635200,18/02/2021,103.571,
1613721600,19/02/2021,103.476,
1613980800,22/02/2021,102.849,
1614067200,23/02/2021,102.52,
1614153600,24/02/2021,102.676,
1614240000,25/02/2021,102.573,
1614326400,26/02/2021,102.033,
1614585600,01/03/2021,102.096,
1614672000,02/03/2021,101.96,
1614758400,03/03/2021,101.802,
1614844800,04/03/2021,101.771,
1614931200,05/03/2021,101.544,
1615190400,08/03/2021,101.199,
1615276800,09/03/2021,100.505,
1615363200,10/03/2021,100.463,
1615449600,11/03/2021,100.929,
1615536000,12/03/2021,100.896,
1615795200,15/03/2021,100.852,
1615881600,16/03/2021,101.013,
1615968000,17/03/2021,101.01,
1616054400,18/03/2021,101.336,
1616140800,19/03/2021,101.162,
1616400000,22/03/2021,101.255,
1616486400,23/03/2021,101.492,
1616572800,24/03/2021,101.423,
1616659200,25/03/2021,101.132,
1616745600,26/03/2021,101.254,
1617001200,29/03/2021,101.175,
1617087600,30/03/2021,101.075,
1617174000,31/03/2021,101.15,
1617260400,01/04/2021,101.462,
1617692400,06/04/2021,101.351,
1617778800,07/04/2021,101.537,
1617865200,08/04/2021,101.526,
1617951600,09/04/2021,101.582,
1618210800,12/04/2021,101.514,
1618297200,13/04/2021,101.437,
1618383600,14/04/2021,101.623,
1618470000,15/04/2021,101.686,
1618556400,16/04/2021,102.009,
1618815600,19/04/2021,102.113,
1618902000,20/04/2021,102.126,
1618988400,21/04/2021,102.089,
1619074800,22/04/2021,102.125,
1619161200,23/04/2021,102.173,
1619420400,26/04/2021,102.219,
1619506800,27/04/2021,102.212,
1619593200,28/04/2021,102.187,
1619679600,29/04/2021,102.306,
1619766000,30/04/2021,102.349,
1620025200,03/05/2021,102.394,
1620111600,04/05/2021,102.455,
1620198000,05/05/2021,102.503,
1620284400,06/05/2021,102.564,
1620370800,07/05/2021,102.953,
1620630000,10/05/2021,103.153,
1620716400,11/05/2021,103.207,
1620802800,12/05/2021,103.098,
1620889200,13/05/2021,102.839,
1620975600,14/05/2021,102.908,
1621234800,17/05/2021,102.982,
1621321200,18/05/2021,102.865,
1621407600,19/05/2021,102.805,
1621494000,20/05/2021,102.736,
1621580400,21/05/2021,102.819,
1621839600,24/05/2021,102.856,
1621926000,25/05/2021,102.861,
1622012400,26/05/2021,102.96,
1622098800,27/05/2021,103.052,
1622185200,28/05/2021,103.004,
1622444400,31/05/2021,103.143,
1622530800,01/06/2021,103.101,
1622617200,02/06/2021,103.204,
1622703600,03/06/2021,103.323,
1622790000,04/06/2021,103.158,
1623049200,07/06/2021,103.254,
1623135600,08/06/2021,103.282,
1623222000,09/06/2021,103.358,
1623308400,10/06/2021,103.407,
1623394800,11/06/2021,103.515,
1623654000,14/06/2021,103.421,
1623740400,15/06/2021,103.268,
1623826800,16/06/2021,103.252,
1623913200,17/06/2021,102.999,
1623999600,18/06/2021,103.181,
1624258800,21/06/2021,103.148,
1624345200,22/06/2021,103.15,
1624431600,23/06/2021,103.148,
1624518000,24/06/2021,103.146,
1624604400,25/06/2021,103.165,
1624863600,28/06/2021,103.182,
1624950000,29/06/2021,103.175,
1625036400,30/06/2021,103.266,
1625122800,01/07/2021,103.108,
1625209200,02/07/2021,102.961,
1625468400,05/07/2021,102.977,
1625554800,06/07/2021,102.972,
1625641200,07/07/2021,102.99,
1625727600,08/07/2021,102.965,
1625814000,09/07/2021,102.884,
1626073200,12/07/2021,102.903,
1626159600,13/07/2021,102.926,
1626246000,14/07/2021,102.902,
1626332400,15/07/2021,103.039,
1626418800,16/07/2021,103.046,
1626678000,19/07/2021,103.112,
1626764400,20/07/2021,103.18,
1626850800,21/07/2021,103.262,
1626937200,22/07/2021,103.21,
1627023600,23/07/2021,103.275,
1627282800,26/07/2021,103.29,
1627369200,27/07/2021,103.285,
1627455600,28/07/2021,103.304,
1627542000,29/07/2021,103.337,
1627628400,30/07/2021,103.412,
1627887600,02/08/2021,103.474,
1627974000,03/08/2021,103.564,
1628060400,04/08/2021,103.582,
1628146800,05/08/2021,103.546,
1628233200,06/08/2021,103.431,
1628492400,09/08/2021,103.354,
1628578800,10/08/2021,103.315,
1628665200,11/08/2021,103.311,
1628751600,12/08/2021,103.351,
1628838000,13/08/2021,103.383,
1629097200,16/08/2021,103.424,
1629183600,17/08/2021,103.398,
1629270000,18/08/2021,103.395,
1629356400,19/08/2021,103.289,
1629442800,20/08/2021,103.15,
1629702000,23/08/2021,103.128,
1629788400,24/08/2021,103.21,
1629874800,25/08/2021,103.23,
1629961200,26/08/2021,103.178,
1630047600,27/08/2021,103.218,
1630306800,30/08/2021,103.383,
1630393200,31/08/2021,103.468,
1630479600,01/09/2021,103.442,
1630566000,02/09/2021,103.5,
1630652400,03/09/2021,103.468,
1630911600,06/09/2021,103.505,
1630998000,07/09/2021,103.47,
1631084400,08/09/2021,103.29,
1631170800,09/09/2021,103.071,
1631257200,10/09/2021,103.125,
1631516400,13/09/2021,103.221,
1631602800,14/09/2021,103.236,
1631689200,15/09/2021,103.288,
1631775600,16/09/2021,103.205,
1631862000,17/09/2021,103.184,
1632121200,20/09/2021,103.098,
1632207600,21/09/2021,103.048,
1632294000,22/09/2021,103.078,
1632380400,23/09/2021,103.033,
1632466800,24/09/2021,102.889,
1632812400,28/09/2021,102.489,
1632898800,29/09/2021,102.435,
1633071600,01/10/2021,102.377,
1633330800,04/10/2021,102.366,
1633417200,05/10/2021,102.216,
1633503600,06/10/2021,102.14,
1633590000,07/10/2021,102.294,
1633676400,08/10/2021,102.251,
1633935600,11/10/2021,102.202,
1634022000,12/10/2021,102.146,
1634108400,13/10/2021,102.038,
1634194800,14/10/2021,102.1,
1634281200,15/10/2021,102.187,
1634540400,18/10/2021,102.094,
1634626800,19/10/2021,102.155,
1634713200,20/10/2021,101.969,
1634799600,21/10/2021,101.609,
1634886000,22/10/2021,101.07,
1635145200,25/10/2021,100.925,
1635231600,26/10/2021,101.05,
1635318000,27/10/2021,101.022,
1635404400,28/10/2021,100.893,
1635490800,29/10/2021,100.643,
1635753600,01/11/2021,100.084,
1635840000,02/11/2021,99.885002,
1635926400,03/11/2021,99.879997,
1636012800,04/11/2021,100.274,
1636099200,05/11/2021,100.412,
1636358400,08/11/2021,100.579,
1636444800,09/11/2021,100.639,
1636531200,10/11/2021,100.676,
1636617600,11/11/2021,100.573,
1636704000,12/11/2021,100.511,
1636963200,15/11/2021,100.521,
1637049600,16/11/2021,100.515,
1637136000,17/11/2021,100.439,
1637222400,18/11/2021,100.483,
1637308800,19/11/2021,100.51,
1637568000,22/11/2021,100.518,
1637654400,23/11/2021,100.189,
1637740800,24/11/2021,100.098,
1637827200,25/11/2021,100.069,
1637913600,26/11/2021,99.885002,
1638172800,29/11/2021,99.910004,
1638259200,30/11/2021,100.194,
1638345600,01/12/2021,100.384,
1638432000,02/12/2021,100.408,
1638518400,03/12/2021,100.66,
1638777600,06/12/2021,100.701,
1638864000,07/12/2021,100.824,
1638950400,08/12/2021,101.06,
1639036800,09/12/2021,101.043,
1639123200,10/12/2021,100.993,
1639382400,13/12/2021,100.938,
1639468800,14/12/2021,100.986,
1639555200,15/12/2021,100.99,
1639641600,16/12/2021,101.053,
1639728000,17/12/2021,101.195,
1639987200,20/12/2021,101.17,
1640073600,21/12/2021,101.286,
1640160000,22/12/2021,101.372,
1640246400,23/12/2021,101.465,
1640332800,24/12/2021,101.483,
1640592000,27/12/2021,101.41,
1640678400,28/12/2021,101.493,
1640764800,29/12/2021,101.626,
1640851200,30/12/2021,101.643,
1640937600,31/12/2021,101.652,
1641196800,03/01/2022,101.701,
1641283200,04/01/2022,101.438,
1641369600,05/01/2022,101.375,
1641456000,06/01/2022,100.896,
1641542400,07/01/2022,100.919,
1641801600,10/01/2022,100.68,
1641888000,11/01/2022,100.733,
1642060800,13/01/2022,100.802,
1642147200,14/01/2022,100.728,
1642406400,17/01/2022,100.665,
1642492800,18/01/2022,100.477,
1642579200,19/01/2022,100.425,
1642665600,20/01/2022,100.505,
1642752000,21/01/2022,100.567,
1643011200,24/01/2022,100.556,
1643097600,25/01/2022,100.552,
1643184000,26/01/2022,100.559,
1643270400,27/01/2022,100.325,
1643356800,28/01/2022,100.268,
1643616000,31/01/2022,100.29,
1643702400,01/02/2022,100.292,
1643788800,02/02/2022,100.421,
1643875200,03/02/2022,100.547,
1643961600,04/02/2022,100.367,
1644220800,07/02/2022,100.005,
1644307200,08/02/2022,99.996002,
1644393600,09/02/2022,100.055,
1644480000,10/02/2022,100.013,
1644566400,11/02/2022,99.449997,
1644825600,14/02/2022,99.181,
1644912000,15/02/2022,99.079002,
1644998400,16/02/2022,99.183998,
1645084800,17/02/2022,99.282997,
1645171200,18/02/2022,99.278999,
1645430400,21/02/2022,99.337997,
1645516800,22/02/2022,99.292,
1645603200,23/02/2022,99.171997,
1645689600,24/02/2022,98.700996,
1645776000,25/02/2022,99.157997,
1646035200,28/02/2022,99.235001,
1646121600,01/03/2022,99.740997,
1646208000,02/03/2022,99.714996,
1646294400,03/03/2022,99.541,
1646380800,04/03/2022,99.552002,
1646640000,07/03/2022,99.259003,
1646726400,08/03/2022,99.231003,
1646812800,09/03/2022,99.176003,
1646899200,10/03/2022,99.245003,
1646985600,11/03/2022,99.211998,
1647244800,14/03/2022,98.974998,
1647331200,15/03/2022,98.676003,
1647417600,16/03/2022,98.967003,
1647504000,17/03/2022,98.957001,
1647590400,18/03/2022,98.997002,
1647849600,21/03/2022,99.011002,
1647936000,22/03/2022,98.497002,
1648022400,23/03/2022,98.265999,
1648108800,24/03/2022,98.238998,
1648195200,25/03/2022,98.296997,
1648450800,28/03/2022,98.223,
1648537200,29/03/2022,98.024002,
1648623600,30/03/2022,98.188004,
1648710000,31/03/2022,98.255997,
1649055600,04/04/2022,98.008003,
1649142000,05/04/2022,97.980003,
1649228400,06/04/2022,97.535004,
1649314800,07/04/2022,97.525002,
1649401200,08/04/2022,97.388,
1649660400,11/04/2022,97.135002,
1649746800,12/04/2022,96.813004,
1649833200,13/04/2022,96.93,
1649919600,14/04/2022,97.219002,
1650351600,19/04/2022,96.934998,
1650438000,20/04/2022,96.851997,
1650524400,21/04/2022,96.899002,
1650610800,22/04/2022,96.598999,
1650870000,25/04/2022,96.403999,
1650956400,26/04/2022,96.697998,
1651042800,27/04/2022,96.557999,
1651129200,28/04/2022,96.455002,
1651215600,29/04/2022,96.100998,
1651474800,02/05/2022,95.892998,
1651561200,03/05/2022,95.730003,
1651647600,04/05/2022,95.758003,
1651734000,05/05/2022,96.114998,
1651820400,06/05/2022,95.758003,
1652079600,09/05/2022,95.542999,
1652166000,10/05/2022,95.734001,
1652252400,11/05/2022,95.741997,
1652338800,12/05/2022,95.992996,
1652425200,13/05/2022,95.976997,
1652684400,16/05/2022,95.957001,
1652770800,17/05/2022,95.964996,
1652857200,18/05/2022,95.872002,
1652943600,19/05/2022,95.987,
1653030000,20/05/2022,96.149002,
1653289200,23/05/2022,96.18,
1653375600,24/05/2022,96.176003,
1653462000,25/05/2022,96.373001,
1653548400,26/05/2022,96.600998,
1653634800,27/05/2022,96.772003,
1653894000,30/05/2022,96.889,
1653980400,31/05/2022,96.828003,
1654066800,01/06/2022,96.690002,
1654153200,02/06/2022,96.544998,
1654239600,03/06/2022,96.503998,
1654498800,06/06/2022,96.334,
1654585200,07/06/2022,96.202003,
1654671600,08/06/2022,96.25,
1654758000,09/06/2022,96.126999,
1654844400,10/06/2022,95.842003,
1655103600,13/06/2022,94.667999,
1655190000,14/06/2022,94.400002,
1655276400,15/06/2022,94.464996,
1655362800,16/06/2022,94.273003,
1655449200,17/06/2022,94.638,
1655708400,20/06/2022,94.580002,
1655794800,21/06/2022,94.569,
1655881200,22/06/2022,94.607002,
1655967600,23/06/2022,94.830002,
1656054000,24/06/2022,94.927002,
1656313200,27/06/2022,94.880997,
1656399600,28/06/2022,94.737,
1656486000,29/06/2022,94.445,
1656572400,30/06/2022,94.524002,
1656658800,01/07/2022,94.708,
1656918000,04/07/2022,94.959999,
1657004400,05/07/2022,94.907997,
1657090800,06/07/2022,95.001999,
1657177200,07/07/2022,94.946999,
1657263600,08/07/2022,94.976997,
1657522800,11/07/2022,94.832001,
1657609200,12/07/2022,94.681999,
1657695600,13/07/2022,94.474998,
1657782000,14/07/2022,94.502998,
1657868400,15/07/2022,94.421997,
1658127600,18/07/2022,94.453003,
1658214000,19/07/2022,94.646004,
1658300400,20/07/2022,95.140999,
1658386800,21/07/2022,95.398003,
1658473200,22/07/2022,95.573997,
1658732400,25/07/2022,95.815002,
1658818800,26/07/2022,95.928001,
1658905200,27/07/2022,95.704002,
1658991600,28/07/2022,95.967003,
1659078000,29/07/2022,96.501999,
1659337200,01/08/2022,96.650002,
1659423600,02/08/2022,96.681999,
1659510000,03/08/2022,96.335999,
1659596400,04/08/2022,96.860001,
1659682800,05/08/2022,97.121002,
1659942000,08/08/2022,97.123001,
1660028400,09/08/2022,97.042999,
1660114800,10/08/2022,96.691002,
1660201200,11/08/2022,97.129997,
1660287600,12/08/2022,97.083,
1660546800,15/08/2022,96.980003,
1660633200,16/08/2022,96.959999,
1660719600,17/08/2022,96.334999,
1660806000,18/08/2022,96.487999,
1660892400,19/08/2022,96.311996,
1661151600,22/08/2022,96.021004,
1661238000,23/08/2022,95.93,
1661324400,24/08/2022,96.013,
1661410800,25/08/2022,96.057999,
1661497200,26/08/2022,96.088997,
1661756400,29/08/2022,95.816002,
1661842800,30/08/2022,95.859001,
1661929200,31/08/2022,95.804001,
1662015600,01/09/2022,95.75,
1662102000,02/09/2022,95.772003,
1662361200,05/09/2022,95.920998,
1662447600,06/09/2022,95.878998,
1662534000,07/09/2022,95.765999,
1662620400,08/09/2022,95.999001,
1662706800,09/09/2022,96.058998,
1662966000,12/09/2022,96.155998,
1663052400,13/09/2022,96.134003,
1663138800,14/09/2022,95.644997,
1663225200,15/09/2022,95.536003,
1663311600,16/09/2022,95.389999,
1663570800,19/09/2022,95.304001,
1663657200,20/09/2022,95.202003,
1663743600,21/09/2022,95.101997,
1663830000,22/09/2022,95.008003,
1663916400,23/09/2022,94.398003,
1664175600,26/09/2022,93.710999,
1664262000,27/09/2022,93.514,
1664348400,28/09/2022,92.999001,
1664434800,29/09/2022,93.466003,
1664521200,30/09/2022,93.609001,
1664780400,03/10/2022,94.205002,
1664866800,04/10/2022,94.540001,
1664953200,05/10/2022,94.699997,
1665039600,06/10/2022,94.314003,
1665126000,07/10/2022,94.082001,
1665385200,10/10/2022,93.929001,
1665471600,11/10/2022,93.760002,
1665558000,12/10/2022,93.705002,
1665644400,13/10/2022,93.366997,
1665730800,14/10/2022,93.455002,
1665990000,17/10/2022,93.469002,
1666076400,18/10/2022,93.724998,
1666162800,19/10/2022,93.582001,
1666249200,20/10/2022,93.431999,
1666335600,21/10/2022,93.440002,
1666594800,24/10/2022,93.915001,
1666681200,25/10/2022,93.970001,
1666767600,26/10/2022,94.071999,
1666854000,27/10/2022,94.054001,
1666940400,28/10/2022,94.097,
1667203200,31/10/2022,94.063004,
1667289600,01/11/2022,94.117996,
1667376000,02/11/2022,94.158997,
1667462400,03/11/2022,93.827003,
1667548800,04/11/2022,93.837997,
1667808000,07/11/2022,93.890999,
1667894400,08/11/2022,93.816002,
1667980800,09/11/2022,93.727997,
1668067200,10/11/2022,93.564003,
1668153600,11/11/2022,94.079002,
1668412800,14/11/2022,94.033997,
1668499200,15/11/2022,94.438004,
1668585600,16/11/2022,94.556999,
1668672000,17/11/2022,94.140999,
1668758400,18/11/2022,94.240997,
1669017600,21/11/2022,94.099998,
1669104000,22/11/2022,94.166,
1669190400,23/11/2022,94.293999,
1669276800,24/11/2022,94.348,
1669363200,25/11/2022,94.383003,
1669622400,28/11/2022,94.347,
1669708800,29/11/2022,94.516998,
1669795200,30/11/2022,94.605003,
1669881600,01/12/2022,94.828003,
1669968000,02/12/2022,95.049004,
1670227200,05/12/2022,95.209,
1670313600,06/12/2022,95.121002,
1670400000,07/12/2022,94.917999,
1670486400,08/12/2022,95.153999,
1670572800,09/12/2022,95.225998,
1670832000,12/12/2022,95.138,
1670918400,13/12/2022,95.005997,
1671004800,14/12/2022,95.230003,
1671091200,15/12/2022,95.107002,
1671177600,16/12/2022,94.850998,
1671436800,19/12/2022,94.804001,
1671523200,20/12/2022,94.554001,
1671609600,21/12/2022,94.628998,
1671696000,22/12/2022,94.718002,
1671782400,23/12/2022,94.657997,
1672128000,27/12/2022,94.639999,
1672214400,28/12/2022,94.574997,
1672300800,29/12/2022,94.490997,
1672387200,30/12/2022,94.514,
1672646400,02/01/2023,94.501999,
1672732800,03/01/2023,94.713997,
1672819200,04/01/2023,94.843002,
1672905600,05/01/2023,94.886002,
1672992000,06/01/2023,94.802002,
1673337600,10/01/2023,95.251999,
1673424000,11/01/2023,95.172997,
1673510400,12/01/2023,95.313004,
1673596800,13/01/2023,95.497002,
1673856000,16/01/2023,95.476997,
1673942400,17/01/2023,95.417999,
1674028800,18/01/2023,95.563004,
1674115200,19/01/2023,95.696999,
1674201600,20/01/2023,95.570999,
1674460800,23/01/2023,95.505997,
1674547200,24/01/2023,95.43,
1674633600,25/01/2023,95.477997,
1674720000,26/01/2023,95.434998,
1674806400,27/01/2023,95.371002,
1675065600,30/01/2023,95.309998,
1675152000,31/01/2023,95.264999,
1675238400,01/02/2023,95.374001,
1675324800,02/02/2023,95.714996,
1675411200,03/02/2023,95.747002,
1675670400,06/02/2023,95.349998,
1675756800,07/02/2023,95.200996,
1675843200,08/02/2023,95.154999,
1675929600,09/02/2023,95.124001,
1676016000,10/02/2023,94.805,
1676275200,13/02/2023,94.758003,
1676361600,14/02/2023,94.779999,
1676448000,15/02/2023,94.639,
1676534400,16/02/2023,94.577003,
1676620800,17/02/2023,94.370003,
1676880000,20/02/2023,94.408997,
1676966400,21/02/2023,94.254997,
1677052800,22/02/2023,94.220001,
1677139200,23/02/2023,94.212997,
1677225600,24/02/2023,94.166,
1677484800,27/02/2023,94.161003,
1677571200,28/02/2023,94.085999,
1677657600,01/03/2023,94.125,
1677744000,02/03/2023,93.981003,
1677830400,03/03/2023,93.960999,
1678089600,06/03/2023,94.110001,
1678176000,07/03/2023,94.086998,
1678262400,08/03/2023,93.850998,
1678348800,09/03/2023,93.865997,
1678435200,10/03/2023,94.049004,
1678694400,13/03/2023,94.633003,
1678780800,14/03/2023,94.805,
1678867200,15/03/2023,94.914001,
1678953600,16/03/2023,95.244003,
1679040000,17/03/2023,95.210999,
1679299200,20/03/2023,95.233002,
1679385600,21/03/2023,95.254997,
1679472000,22/03/2023,95.245003,
1679558400,23/03/2023,95.616997,
1679644800,24/03/2023,95.865997,
1679900400,27/03/2023,95.723,
1679986800,28/03/2023,95.609001,
1680073200,29/03/2023,95.649002,
1680159600,30/03/2023,95.707001,
1680246000,31/03/2023,95.740997,
1680505200,03/04/2023,95.885002,
1680591600,04/04/2023,96.060997,
1680678000,05/04/2023,96.356003,
1680764400,06/04/2023,96.342003,
1681196400,11/04/2023,96.043999,
1681282800,12/04/2023,96.028999,
1681369200,13/04/2023,96.083,
1681455600,14/04/2023,96.100998,
1681714800,17/04/2023,96.010002,
1681801200,18/04/2023,95.888,
1681887600,19/04/2023,95.807999,
1681974000,20/04/2023,95.790001,
1682060400,21/04/2023,95.792999,
1682319600,24/04/2023,95.761002,
1682406000,25/04/2023,95.799004,
1682492400,26/04/2023,95.794998,
1682578800,27/04/2023,95.804001,
1682665200,28/04/2023,95.805,
1683010800,02/05/2023,95.778999,
1683097200,03/05/2023,95.877998,
1683183600,04/05/2023,95.986,
1683270000,05/05/2023,95.957001,
1683529200,08/05/2023,95.882004,
1683615600,09/05/2023,95.939003,
1683702000,10/05/2023,96.009003,
1683788400,11/05/2023,96.106003,
1683874800,12/05/2023,96.165001,
1684134000,15/05/2023,96.092003,
1684220400,16/05/2023,96.089996,
1684306800,17/05/2023,96.059998,
1684393200,18/05/2023,96.013,
1684479600,19/05/2023,95.939003,
1684738800,22/05/2023,95.944,
1684825200,23/05/2023,95.920998,
1684911600,24/05/2023,95.926003,
1684998000,25/05/2023,95.804001,
1685084400,26/05/2023,95.774002,
1685343600,29/05/2023,95.817001,
1685430000,30/05/2023,95.859001,
1685516400,31/05/2023,95.901001,
1685602800,01/06/2023,95.806999,
1685689200,02/06/2023,95.860001,
1685948400,05/06/2023,95.720001,
1686034800,06/06/2023,95.872002,
1686121200,07/06/2023,95.837997,
1686207600,08/06/2023,95.732002,
1686294000,09/06/2023,95.757004,
1686553200,12/06/2023,95.772003,
1686639600,13/06/2023,95.825996,
1686726000,14/06/2023,95.707001,
1686812400,15/06/2023,95.706001,
1686898800,16/06/2023,95.744003,
1687158000,19/06/2023,95.68,
1687244400,20/06/2023,95.660004,
1687330800,21/06/2023,95.699997,
1687417200,22/06/2023,95.641998,
1687503600,23/06/2023,95.603996,
1687762800,26/06/2023,95.643997,
1687849200,27/06/2023,95.612,
1687935600,28/06/2023,95.559998,
1688022000,29/06/2023,95.566002,
1688108400,30/06/2023,95.303001,
1688367600,03/07/2023,95.282997,
1688454000,04/07/2023,95.331001,
1688540400,05/07/2023,95.316002,
1688626800,06/07/2023,95.107002,
1688713200,07/07/2023,95.023003,
1688972400,10/07/2023,95.016998,
1689058800,11/07/2023,95.141998,
1689145200,12/07/2023,95.196999,
1689231600,13/07/2023,95.487,
1689318000,14/07/2023,95.577003,
1689577200,17/07/2023,95.494003,
1689663600,18/07/2023,95.554001,
1689750000,19/07/2023,95.609001,
1689836400,20/07/2023,95.589996,
1689922800,21/07/2023,95.487999,
1690182000,24/07/2023,95.501999,
1690268400,25/07/2023,95.400002,
1690354800,26/07/2023,95.414001,
1690441200,27/07/2023,95.481003,
1690527600,28/07/2023,95.413002,
1690786800,31/07/2023,95.442001,
1690873200,01/08/2023,95.438004,
1690959600,02/08/2023,95.362,
1691046000,03/08/2023,95.264,
1691132400,04/08/2023,95.188004,
1691391600,07/08/2023,95.306,
1691478000,08/08/2023,95.367996,
1691564400,09/08/2023,95.335999,
1691650800,10/08/2023,95.398003,
1691737200,11/08/2023,95.362,
1691996400,14/08/2023,95.325996,
1692082800,15/08/2023,95.181,
1692169200,16/08/2023,95.112999,
1692255600,17/08/2023,95.018997,
1692342000,18/08/2023,95.021004,
1692601200,21/08/2023,95.011002,
1692687600,22/08/2023,94.964996,
1692774000,23/08/2023,95.016998,
1692860400,24/08/2023,95.138,
1692946800,25/08/2023,95.135002,
1693206000,28/08/2023,95.183998,
1693292400,29/08/2023,95.231003,
1693378800,30/08/2023,95.425003,
1693465200,31/08/2023,95.436996,
1693551600,01/09/2023,95.445,
1693810800,04/09/2023,95.345001,
1693897200,05/09/2023,95.292999,
1693983600,06/09/2023,95.209,
1694070000,07/09/2023,95.105003,
1694156400,08/09/2023,95.151001,
1694415600,11/09/2023,95.135002,
1694502000,12/09/2023,95.218002,
1694588400,13/09/2023,95.213997,
1694674800,14/09/2023,95.227997,
1694761200,15/09/2023,95.306999,
1695020400,18/09/2023,95.139999,
1695106800,19/09/2023,95.230003,
1695193200,20/09/2023,95.058998,
1695279600,21/09/2023,95.075996,
1695366000,22/09/2023,95.102997,
1695625200,25/09/2023,95.105003,
1695711600,26/09/2023,95.116997,
1695798000,27/09/2023,95.108002,
1695884400,28/09/2023,95.010002,
1695970800,29/09/2023,95.175003,
1696230000,02/10/2023,95.064003,
1696316400,03/10/2023,94.933998,
1696402800,04/10/2023,94.787003,
1696489200,05/10/2023,94.963997,
1696575600,06/10/2023,95.056999,
1696834800,09/10/2023,94.902,
1696921200,10/10/2023,95.040001,
1697007600,11/10/2023,95.233002,
1697094000,12/10/2023,95.267998,
1697180400,13/10/2023,95.208,
1697439600,16/10/2023,95.203003,
1697526000,17/10/2023,95.124001,
1697612400,18/10/2023,95.039001,
1697698800,19/10/2023,95.004997,
1697785200,20/10/2023,95.025002,
1698044400,23/10/2023,95.019997,
1698130800,24/10/2023,95.120003,
1698217200,25/10/2023,95.182999,
1698303600,26/10/2023,95.221001,
1698390000,27/10/2023,95.185997,
1698652800,30/10/2023,95.219002,
1698739200,31/10/2023,95.237,
1698825600,01/11/2023,95.232002,
1698912000,02/11/2023,95.447998,
1698998400,03/11/2023,95.627998,
1699257600,06/11/2023,95.657997,
1699344000,07/11/2023,95.459999,
1699430400,08/11/2023,95.572998,
1699516800,09/11/2023,95.502998,
1699603200,10/11/2023,95.446999,
1699862400,13/11/2023,95.428001,
1699948800,14/11/2023,95.350998,
1700035200,15/11/2023,95.626999,
1700121600,16/11/2023,95.624001,
1700208000,17/11/2023,95.696999,
1700467200,20/11/2023,95.733002,
1700553600,21/11/2023,95.777,
1700640000,22/11/2023,95.848,
1700726400,23/11/2023,95.797997,
1700812800,24/11/2023,95.839996,
1701072000,27/11/2023,95.781998,
1701158400,28/11/2023,95.857002,
1701244800,29/11/2023,96.101997,
1701331200,30/11/2023,96.141998,
1701417600,01/12/2023,96.112999,
1701676800,04/12/2023,96.176003,
1701763200,05/12/2023,96.172997,
1701849600,06/12/2023,96.279999,
1701936000,07/12/2023,96.275002,
1702022400,08/12/2023,96.290001,
1702281600,11/12/2023,96.190002,
1702368000,12/12/2023,96.216003,
1702454400,13/12/2023,96.231003,
1702540800,14/12/2023,96.669998,
1702627200,15/12/2023,96.779999,
1702886400,18/12/2023,96.727997,
1702972800,19/12/2023,96.705002,
1703059200,20/12/2023,96.716003,
1703145600,21/12/2023,96.728996,
1703232000,22/12/2023,96.746002,
1703664000,27/12/2023,96.720001,
1703750400,28/12/2023,96.742996,
1703836800,29/12/2023,96.630997,
1704182400,02/01/2024,96.617996,
1704268800,03/01/2024,96.435997,
1704355200,04/01/2024,96.343002,
1704441600,05/01/2024,96.219002,
1704700800,08/01/2024,96.324997,
1704787200,09/01/2024,96.276001,
1704873600,10/01/2024,96.420998,
1704960000,11/01/2024,96.575996,
1705046400,12/01/2024,96.766998,
1705305600,15/01/2024,96.790001,
1705392000,16/01/2024,96.769997,
1705478400,17/01/2024,96.684998,
1705564800,18/01/2024,96.721001,
1705651200,19/01/2024,96.700996,
1705910400,22/01/2024,96.641998,
1705996800,23/01/2024,96.584,
1706083200,24/01/2024,96.565002,
1706169600,25/01/2024,96.559998,
1706256000,26/01/2024,96.635002,
1706515200,29/01/2024,96.650002,
1706601600,30/01/2024,96.731003,
1706688000,31/01/2024,96.742996,
1706774400,01/02/2024,96.815002,
1706860800,02/02/2024,96.93,
1707120000,05/02/2024,96.808998,
1707206400,06/02/2024,96.737999,
1707292800,07/02/2024,96.922997,
1707379200,08/02/2024,96.896004,
1707465600,09/02/2024,96.869003,
1707724800,12/02/2024,96.903,
1707811200,13/02/2024,96.802002,
1707897600,14/02/2024,96.693001,
1707984000,15/02/2024,96.746002,
1708070400,16/02/2024,96.737,
1708329600,19/02/2024,96.726997,
1708416000,20/02/2024,96.725998,
1708502400,21/02/2024,96.699997,
1708588800,22/02/2024,96.717003,
1708934400,26/02/2024,96.768997,
1709020800,27/02/2024,96.758003,
1709107200,28/02/2024,96.747,